[{"model": "auth.permission", "pk": 1, "fields": {"name": "Can add log entry", "content_type": 1, "codename": "add_logentry"}}, {"model": "auth.permission", "pk": 2, "fields": {"name": "Can change log entry", "content_type": 1, "codename": "change_logentry"}}, {"model": "auth.permission", "pk": 3, "fields": {"name": "Can delete log entry", "content_type": 1, "codename": "delete_logentry"}}, {"model": "auth.permission", "pk": 4, "fields": {"name": "Can view log entry", "content_type": 1, "codename": "view_logentry"}}, {"model": "auth.permission", "pk": 5, "fields": {"name": "Can add permission", "content_type": 2, "codename": "add_permission"}}, {"model": "auth.permission", "pk": 6, "fields": {"name": "Can change permission", "content_type": 2, "codename": "change_permission"}}, {"model": "auth.permission", "pk": 7, "fields": {"name": "Can delete permission", "content_type": 2, "codename": "delete_permission"}}, {"model": "auth.permission", "pk": 8, "fields": {"name": "Can view permission", "content_type": 2, "codename": "view_permission"}}, {"model": "auth.permission", "pk": 9, "fields": {"name": "Can add group", "content_type": 3, "codename": "add_group"}}, {"model": "auth.permission", "pk": 10, "fields": {"name": "Can change group", "content_type": 3, "codename": "change_group"}}, {"model": "auth.permission", "pk": 11, "fields": {"name": "Can delete group", "content_type": 3, "codename": "delete_group"}}, {"model": "auth.permission", "pk": 12, "fields": {"name": "Can view group", "content_type": 3, "codename": "view_group"}}, {"model": "auth.permission", "pk": 13, "fields": {"name": "Can add user", "content_type": 4, "codename": "add_user"}}, {"model": "auth.permission", "pk": 14, "fields": {"name": "Can change user", "content_type": 4, "codename": "change_user"}}, {"model": "auth.permission", "pk": 15, "fields": {"name": "Can delete user", "content_type": 4, "codename": "delete_user"}}, {"model": "auth.permission", "pk": 16, "fields": {"name": "Can view user", "content_type": 4, "codename": "view_user"}}, {"model": "auth.permission", "pk": 17, "fields": {"name": "Can add content type", "content_type": 5, "codename": "add_contenttype"}}, {"model": "auth.permission", "pk": 18, "fields": {"name": "Can change content type", "content_type": 5, "codename": "change_contenttype"}}, {"model": "auth.permission", "pk": 19, "fields": {"name": "Can delete content type", "content_type": 5, "codename": "delete_contenttype"}}, {"model": "auth.permission", "pk": 20, "fields": {"name": "Can view content type", "content_type": 5, "codename": "view_contenttype"}}, {"model": "auth.permission", "pk": 21, "fields": {"name": "Can add session", "content_type": 6, "codename": "add_session"}}, {"model": "auth.permission", "pk": 22, "fields": {"name": "Can change session", "content_type": 6, "codename": "change_session"}}, {"model": "auth.permission", "pk": 23, "fields": {"name": "Can delete session", "content_type": 6, "codename": "delete_session"}}, {"model": "auth.permission", "pk": 24, "fields": {"name": "Can view session", "content_type": 6, "codename": "view_session"}}, {"model": "auth.permission", "pk": 25, "fields": {"name": "Can add affectation poste", "content_type": 7, "codename": "add_affectationposte"}}, {"model": "auth.permission", "pk": 26, "fields": {"name": "Can change affectation poste", "content_type": 7, "codename": "change_affectationposte"}}, {"model": "auth.permission", "pk": 27, "fields": {"name": "Can delete affectation poste", "content_type": 7, "codename": "delete_affectationposte"}}, {"model": "auth.permission", "pk": 28, "fields": {"name": "Can view affectation poste", "content_type": 7, "codename": "view_affectationposte"}}, {"model": "auth.permission", "pk": 29, "fields": {"name": "Can add commande livreur", "content_type": 8, "codename": "add_commandelivreur"}}, {"model": "auth.permission", "pk": 30, "fields": {"name": "Can change commande livreur", "content_type": 8, "codename": "change_commandelivreur"}}, {"model": "auth.permission", "pk": 31, "fields": {"name": "Can delete commande livreur", "content_type": 8, "codename": "delete_commandelivreur"}}, {"model": "auth.permission", "pk": 32, "fields": {"name": "Can view commande livreur", "content_type": 8, "codename": "view_commandelivreur"}}, {"model": "auth.permission", "pk": 33, "fields": {"name": "Can add entree stock", "content_type": 9, "codename": "add_entreestock"}}, {"model": "auth.permission", "pk": 34, "fields": {"name": "Can change entree stock", "content_type": 9, "codename": "change_entreestock"}}, {"model": "auth.permission", "pk": 35, "fields": {"name": "Can delete entree stock", "content_type": 9, "codename": "delete_entreestock"}}, {"model": "auth.permission", "pk": 36, "fields": {"name": "Can view entree stock", "content_type": 9, "codename": "view_entreestock"}}, {"model": "auth.permission", "pk": 37, "fields": {"name": "Can add Ligne de commande", "content_type": 10, "codename": "add_lignecommande"}}, {"model": "auth.permission", "pk": 38, "fields": {"name": "Can change Ligne de commande", "content_type": 10, "codename": "change_lignecommande"}}, {"model": "auth.permission", "pk": 39, "fields": {"name": "Can delete Ligne de commande", "content_type": 10, "codename": "delete_lignecommande"}}, {"model": "auth.permission", "pk": 40, "fields": {"name": "Can view Ligne de commande", "content_type": 10, "codename": "view_lignecommande"}}, {"model": "auth.permission", "pk": 41, "fields": {"name": "Can add ligne vente", "content_type": 11, "codename": "add_lignevente"}}, {"model": "auth.permission", "pk": 42, "fields": {"name": "Can change ligne vente", "content_type": 11, "codename": "change_lignevente"}}, {"model": "auth.permission", "pk": 43, "fields": {"name": "Can delete ligne vente", "content_type": 11, "codename": "delete_lignevente"}}, {"model": "auth.permission", "pk": 44, "fields": {"name": "Can view ligne vente", "content_type": 11, "codename": "view_lignevente"}}, {"model": "auth.permission", "pk": 45, "fields": {"name": "Can add Livreur", "content_type": 12, "codename": "add_livreur"}}, {"model": "auth.permission", "pk": 46, "fields": {"name": "Can change Livreur", "content_type": 12, "codename": "change_livreur"}}, {"model": "auth.permission", "pk": 47, "fields": {"name": "Can delete Livreur", "content_type": 12, "codename": "delete_livreur"}}, {"model": "auth.permission", "pk": 48, "fields": {"name": "Can view Livreur", "content_type": 12, "codename": "view_livreur"}}, {"model": "auth.permission", "pk": 49, "fields": {"name": "Can add ouvrier", "content_type": 13, "codename": "add_ouvrier"}}, {"model": "auth.permission", "pk": 50, "fields": {"name": "Can change ouvrier", "content_type": 13, "codename": "change_ouvrier"}}, {"model": "auth.permission", "pk": 51, "fields": {"name": "Can delete ouvrier", "content_type": 13, "codename": "delete_ouvrier"}}, {"model": "auth.permission", "pk": 52, "fields": {"name": "Can view ouvrier", "content_type": 13, "codename": "view_ouvrier"}}, {"model": "auth.permission", "pk": 53, "fields": {"name": "Can add poste", "content_type": 14, "codename": "add_poste"}}, {"model": "auth.permission", "pk": 54, "fields": {"name": "Can change poste", "content_type": 14, "codename": "change_poste"}}, {"model": "auth.permission", "pk": 55, "fields": {"name": "Can delete poste", "content_type": 14, "codename": "delete_poste"}}, {"model": "auth.permission", "pk": 56, "fields": {"name": "Can view poste", "content_type": 14, "codename": "view_poste"}}, {"model": "auth.permission", "pk": 57, "fields": {"name": "Can add produit", "content_type": 15, "codename": "add_produit"}}, {"model": "auth.permission", "pk": 58, "fields": {"name": "Can change produit", "content_type": 15, "codename": "change_produit"}}, {"model": "auth.permission", "pk": 59, "fields": {"name": "Can delete produit", "content_type": 15, "codename": "delete_produit"}}, {"model": "auth.permission", "pk": 60, "fields": {"name": "Can view produit", "content_type": 15, "codename": "view_produit"}}, {"model": "auth.permission", "pk": 61, "fields": {"name": "Can add vente", "content_type": 16, "codename": "add_vente"}}, {"model": "auth.permission", "pk": 62, "fields": {"name": "Can change vente", "content_type": 16, "codename": "change_vente"}}, {"model": "auth.permission", "pk": 63, "fields": {"name": "Can delete vente", "content_type": 16, "codename": "delete_vente"}}, {"model": "auth.permission", "pk": 64, "fields": {"name": "Can view vente", "content_type": 16, "codename": "view_vente"}}, {"model": "auth.permission", "pk": 65, "fields": {"name": "Can add Paiement de salaire", "content_type": 17, "codename": "add_paiementsalaire"}}, {"model": "auth.permission", "pk": 66, "fields": {"name": "Can change Paiement de salaire", "content_type": 17, "codename": "change_paiementsalaire"}}, {"model": "auth.permission", "pk": 67, "fields": {"name": "Can delete Paiement de salaire", "content_type": 17, "codename": "delete_paiementsalaire"}}, {"model": "auth.permission", "pk": 68, "fields": {"name": "Can view Paiement de salaire", "content_type": 17, "codename": "view_paiementsalaire"}}, {"model": "auth.user", "pk": 1, "fields": {"password": "pbkdf2_sha256$600000$uxcgdKlm4EUp4J5D0uaWYs$gFuiChzo/41AsJfV3Egve2G32i6MaH+iLliZ0xotorI=", "last_login": "2025-06-30T12:38:49.743Z", "is_superuser": true, "username": "admin", "first_name": "", "last_name": "", "email": "adama5.fofana@uvci.edu.ci", "is_staff": true, "is_active": true, "date_joined": "2025-06-30T12:38:22.102Z", "groups": [], "user_permissions": []}}, {"model": "contenttypes.contenttype", "pk": 1, "fields": {"app_label": "admin", "model": "logentry"}}, {"model": "contenttypes.contenttype", "pk": 2, "fields": {"app_label": "auth", "model": "permission"}}, {"model": "contenttypes.contenttype", "pk": 3, "fields": {"app_label": "auth", "model": "group"}}, {"model": "contenttypes.contenttype", "pk": 4, "fields": {"app_label": "auth", "model": "user"}}, {"model": "contenttypes.contenttype", "pk": 5, "fields": {"app_label": "contenttypes", "model": "contenttype"}}, {"model": "contenttypes.contenttype", "pk": 6, "fields": {"app_label": "sessions", "model": "session"}}, {"model": "contenttypes.contenttype", "pk": 7, "fields": {"app_label": "gestion", "model": "affectationposte"}}, {"model": "contenttypes.contenttype", "pk": 8, "fields": {"app_label": "gestion", "model": "commandelivreur"}}, {"model": "contenttypes.contenttype", "pk": 9, "fields": {"app_label": "gestion", "model": "entreestock"}}, {"model": "contenttypes.contenttype", "pk": 10, "fields": {"app_label": "gestion", "model": "lignecommande"}}, {"model": "contenttypes.contenttype", "pk": 11, "fields": {"app_label": "gestion", "model": "lignevente"}}, {"model": "contenttypes.contenttype", "pk": 12, "fields": {"app_label": "gestion", "model": "livreur"}}, {"model": "contenttypes.contenttype", "pk": 13, "fields": {"app_label": "gestion", "model": "ouvrier"}}, {"model": "contenttypes.contenttype", "pk": 14, "fields": {"app_label": "gestion", "model": "poste"}}, {"model": "contenttypes.contenttype", "pk": 15, "fields": {"app_label": "gestion", "model": "produit"}}, {"model": "contenttypes.contenttype", "pk": 16, "fields": {"app_label": "gestion", "model": "vente"}}, {"model": "contenttypes.contenttype", "pk": 17, "fields": {"app_label": "gestion", "model": "paiementsalaire"}}, {"model": "sessions.session", "pk": "1bso0ehjbbs9xcigo6krvdj3q0437opw", "fields": {"session_data": ".eJxVjMEOwiAQRP-FsyG00AIevfcbyLK7SNVAUtqT8d9tkx70OPPezFsE2NYctsZLmElcRScuv10EfHI5AD2g3KvEWtZljvJQ5EmbnCrx63a6fwcZWt7XHHlgJJ-gw0SoBmUxwshOg41Gj9EjJUOWLaDTDmFPPRrXK_LOKiU-XzcqOVU:1uWDmb:sUpasJ1ibVtrFJiauBAyO8Nfpxz6qkyYi0n8q-sBWUI", "expire_date": "2025-07-14T12:38:49.788Z"}}, {"model": "gestion.poste", "pk": 93, "fields": {"nom": "Boulanger", "remuneration": "2500.00", "mode_paiement": "jour"}}, {"model": "gestion.poste", "pk": 94, "fields": {"nom": "Vendeur", "remuneration": "2000.00", "mode_paiement": "jour"}}, {"model": "gestion.poste", "pk": 95, "fields": {"nom": "Livreur", "remuneration": "3000.00", "mode_paiement": "jour"}}, {"model": "gestion.poste", "pk": 96, "fields": {"nom": "Gérant", "remuneration": "500000.00", "mode_paiement": "mois"}}, {"model": "gestion.poste", "pk": 97, "fields": {"nom": "Comptable", "remuneration": "300000.00", "mode_paiement": "mois"}}, {"model": "gestion.poste", "pk": 98, "fields": {"nom": "Pâtissier", "remuneration": "2800.00", "mode_paiement": "jour"}}, {"model": "gestion.ouvrier", "pk": 169, "fields": {"nom": "MOUSSA OUATTARA", "telephone": "0781522190"}}, {"model": "gestion.ouvrier", "pk": 170, "fields": {"nom": "KOUAMÉ KEITA", "telephone": "0727720627"}}, {"model": "gestion.ouvrier", "pk": 171, "fields": {"nom": "AÏCHA FOFANA", "telephone": "0145005833"}}, {"model": "gestion.ouvrier", "pk": 172, "fields": {"nom": "BINTOU TOURÉ", "telephone": "0593851486"}}, {"model": "gestion.ouvrier", "pk": 173, "fields": {"nom": "ABDOUL KOUADIO", "telephone": "0541422079"}}, {"model": "gestion.ouvrier", "pk": 174, "fields": {"nom": "BINTOU AKÉ", "telephone": "0195923860"}}, {"model": "gestion.ouvrier", "pk": 175, "fields": {"nom": "ADJOUA DIABATÉ", "telephone": "0542238302"}}, {"model": "gestion.ouvrier", "pk": 176, "fields": {"nom": "FATOU DIABATÉ", "telephone": "0147805081"}}, {"model": "gestion.ouvrier", "pk": 177, "fields": {"nom": "MOHAMED KOUASSI", "telephone": "0722305269"}}, {"model": "gestion.ouvrier", "pk": 178, "fields": {"nom": "DAOUDA DIABATÉ", "telephone": "0736219705"}}, {"model": "gestion.ouvrier", "pk": 179, "fields": {"nom": "RAMATOULAYE SANGARÉ", "telephone": "0719256517"}}, {"model": "gestion.ouvrier", "pk": 180, "fields": {"nom": "ABDOUL BAMBA", "telephone": "0573112197"}}, {"model": "gestion.ouvrier", "pk": 181, "fields": {"nom": "KOFFI KOUADIO", "telephone": "0105136474"}}, {"model": "gestion.ouvrier", "pk": 182, "fields": {"nom": "JEAN YÉO", "telephone": "0509144792"}}, {"model": "gestion.ouvrier", "pk": 183, "fields": {"nom": "MAMADOU AKÉ", "telephone": "0192058848"}}, {"model": "gestion.affectationposte", "pk": 136, "fields": {"ouvrier": 180, "poste": 98, "date_debut": "2024-10-08", "date_fin": "2025-02-19"}}, {"model": "gestion.affectationposte", "pk": 137, "fields": {"ouvrier": 173, "poste": 96, "date_debut": "2024-08-04", "date_fin": null}}, {"model": "gestion.affectationposte", "pk": 138, "fields": {"ouvrier": 175, "poste": 97, "date_debut": "2024-08-01", "date_fin": null}}, {"model": "gestion.affectationposte", "pk": 139, "fields": {"ouvrier": 171, "poste": 98, "date_debut": "2025-04-08", "date_fin": null}}, {"model": "gestion.affectationposte", "pk": 140, "fields": {"ouvrier": 174, "poste": 98, "date_debut": "2024-11-18", "date_fin": null}}, {"model": "gestion.affectationposte", "pk": 141, "fields": {"ouvrier": 172, "poste": 97, "date_debut": "2025-01-31", "date_fin": null}}, {"model": "gestion.affectationposte", "pk": 142, "fields": {"ouvrier": 178, "poste": 98, "date_debut": "2024-07-19", "date_fin": null}}, {"model": "gestion.affectationposte", "pk": 143, "fields": {"ouvrier": 176, "poste": 97, "date_debut": "2024-09-26", "date_fin": null}}, {"model": "gestion.affectationposte", "pk": 144, "fields": {"ouvrier": 182, "poste": 97, "date_debut": "2024-08-02", "date_fin": null}}, {"model": "gestion.affectationposte", "pk": 145, "fields": {"ouvrier": 181, "poste": 97, "date_debut": "2025-05-15", "date_fin": "2025-06-18"}}, {"model": "gestion.affectationposte", "pk": 146, "fields": {"ouvrier": 170, "poste": 93, "date_debut": "2025-01-17", "date_fin": null}}, {"model": "gestion.affectationposte", "pk": 147, "fields": {"ouvrier": 183, "poste": 98, "date_debut": "2024-11-28", "date_fin": null}}, {"model": "gestion.affectationposte", "pk": 148, "fields": {"ouvrier": 177, "poste": 96, "date_debut": "2025-01-06", "date_fin": null}}, {"model": "gestion.affectationposte", "pk": 149, "fields": {"ouvrier": 169, "poste": 96, "date_debut": "2024-10-15", "date_fin": "2025-02-01"}}, {"model": "gestion.affectationposte", "pk": 150, "fields": {"ouvrier": 179, "poste": 95, "date_debut": "2025-02-12", "date_fin": null}}, {"model": "gestion.livreur", "pk": 42, "fields": {"nom": "Mamadou Yéo", "telephone": "0700242076", "actif": true}}, {"model": "gestion.livreur", "pk": 43, "fields": {"nom": "Naminata Aké", "telephone": "0524124035", "actif": true}}, {"model": "gestion.livreur", "pk": 44, "fields": {"nom": "Aminata Bamba", "telephone": "0788028851", "actif": true}}, {"model": "gestion.livreur", "pk": 45, "fields": {"nom": "Paul Yao", "telephone": "0532603450", "actif": false}}, {"model": "gestion.livreur", "pk": 46, "fields": {"nom": "Paul Sangaré", "telephone": "0738695047", "actif": false}}, {"model": "gestion.livreur", "pk": 47, "fields": {"nom": "Mohamed Yéo", "telephone": "0766313883", "actif": true}}, {"model": "gestion.livreur", "pk": 48, "fields": {"nom": "Moussa Fofana", "telephone": "0567668866", "actif": true}}, {"model": "gestion.livreur", "pk": 49, "fields": {"nom": "Armand Fofana", "telephone": "0179006325", "actif": true}}, {"model": "gestion.produit", "pk": 49, "fields": {"nom": "Pain", "prix_vente": "150.00", "prix_livreur": "100.00", "actif": true, "stock": 288}}, {"model": "gestion.produit", "pk": 50, "fields": {"nom": "Croissant", "prix_vente": "300.00", "prix_livreur": "250.00", "actif": true, "stock": 271}}, {"model": "gestion.produit", "pk": 51, "fields": {"nom": "Baguette", "prix_vente": "200.00", "prix_livreur": "150.00", "actif": true, "stock": 253}}, {"model": "gestion.produit", "pk": 52, "fields": {"nom": "Gateau", "prix_vente": "500.00", "prix_livreur": "400.00", "actif": true, "stock": 154}}, {"model": "gestion.produit", "pk": 53, "fields": {"nom": "Donut", "prix_vente": "250.00", "prix_livreur": "200.00", "actif": true, "stock": 228}}, {"model": "gestion.produit", "pk": 54, "fields": {"nom": "Pain au chocolat", "prix_vente": "350.00", "prix_livreur": "300.00", "actif": true, "stock": 223}}, {"model": "gestion.commandelivreur", "pk": 32, "fields": {"livreur": 42, "date": "2025-06-30T21:17:12.162Z", "total": "4550.00", "payee": true, "date_paiement": "2025-06-30T21:17:12.162Z", "mode_paiement": "mobile"}}, {"model": "gestion.commandelivreur", "pk": 33, "fields": {"livreur": 48, "date": "2025-06-30T21:17:12.361Z", "total": "800.00", "payee": true, "date_paiement": "2025-06-30T21:17:12.361Z", "mode_paiement": "mobile"}}, {"model": "gestion.commandelivreur", "pk": 34, "fields": {"livreur": 43, "date": "2025-06-30T21:17:12.472Z", "total": "2150.00", "payee": true, "date_paiement": "2025-06-30T21:17:12.472Z", "mode_paiement": "mobile"}}, {"model": "gestion.commandelivreur", "pk": 35, "fields": {"livreur": 42, "date": "2025-06-30T21:17:12.643Z", "total": "3550.00", "payee": true, "date_paiement": "2025-06-30T21:17:12.643Z", "mode_paiement": "virement"}}, {"model": "gestion.commandelivreur", "pk": 36, "fields": {"livreur": 42, "date": "2025-06-30T21:17:12.794Z", "total": "2900.00", "payee": true, "date_paiement": "2025-06-30T21:17:12.794Z", "mode_paiement": "mobile"}}, {"model": "gestion.commandelivreur", "pk": 37, "fields": {"livreur": 47, "date": "2025-06-30T21:17:13.029Z", "total": "4500.00", "payee": true, "date_paiement": "2025-06-30T21:17:13.029Z", "mode_paiement": "mobile"}}, {"model": "gestion.commandelivreur", "pk": 38, "fields": {"livreur": 44, "date": "2025-06-30T21:17:13.212Z", "total": "3650.00", "payee": false, "date_paiement": null, "mode_paiement": "mobile"}}, {"model": "gestion.commandelivreur", "pk": 39, "fields": {"livreur": 43, "date": "2025-06-30T21:17:13.396Z", "total": "5700.00", "payee": false, "date_paiement": null, "mode_paiement": "espece"}}, {"model": "gestion.commandelivreur", "pk": 40, "fields": {"livreur": 43, "date": "2025-06-30T21:17:13.645Z", "total": "3350.00", "payee": true, "date_paiement": "2025-06-30T21:17:13.645Z", "mode_paiement": "mobile"}}, {"model": "gestion.commandelivreur", "pk": 41, "fields": {"livreur": 47, "date": "2025-06-30T21:17:13.854Z", "total": "7450.00", "payee": false, "date_paiement": null, "mode_paiement": "virement"}}, {"model": "gestion.commandelivreur", "pk": 42, "fields": {"livreur": 43, "date": "2025-06-30T21:17:14.111Z", "total": "500.00", "payee": true, "date_paiement": "2025-06-30T21:17:14.111Z", "mode_paiement": "espece"}}, {"model": "gestion.commandelivreur", "pk": 43, "fields": {"livreur": 44, "date": "2025-06-30T21:17:14.261Z", "total": "7000.00", "payee": false, "date_paiement": null, "mode_paiement": "mobile"}}, {"model": "gestion.commandelivreur", "pk": 44, "fields": {"livreur": 49, "date": "2025-06-30T21:17:14.921Z", "total": "3600.00", "payee": true, "date_paiement": "2025-06-30T21:17:14.921Z", "mode_paiement": "virement"}}, {"model": "gestion.commandelivreur", "pk": 45, "fields": {"livreur": 43, "date": "2025-06-30T21:17:15.032Z", "total": "400.00", "payee": true, "date_paiement": "2025-06-30T21:17:15.032Z", "mode_paiement": "mobile"}}, {"model": "gestion.commandelivreur", "pk": 46, "fields": {"livreur": 42, "date": "2025-06-30T21:17:15.143Z", "total": "3000.00", "payee": true, "date_paiement": "2025-06-30T21:17:15.143Z", "mode_paiement": "espece"}}, {"model": "gestion.commandelivreur", "pk": 47, "fields": {"livreur": 48, "date": "2025-06-30T21:17:15.298Z", "total": "1000.00", "payee": false, "date_paiement": null, "mode_paiement": "espece"}}, {"model": "gestion.commandelivreur", "pk": 48, "fields": {"livreur": 42, "date": "2025-06-30T21:17:15.426Z", "total": "750.00", "payee": true, "date_paiement": "2025-06-30T21:17:15.426Z", "mode_paiement": "mobile"}}, {"model": "gestion.commandelivreur", "pk": 49, "fields": {"livreur": 47, "date": "2025-06-30T21:17:15.550Z", "total": "1600.00", "payee": false, "date_paiement": null, "mode_paiement": "espece"}}, {"model": "gestion.commandelivreur", "pk": 50, "fields": {"livreur": 44, "date": "2025-06-30T21:17:15.662Z", "total": "900.00", "payee": false, "date_paiement": null, "mode_paiement": "virement"}}, {"model": "gestion.commandelivreur", "pk": 51, "fields": {"livreur": 44, "date": "2025-06-30T21:17:15.912Z", "total": "2300.00", "payee": false, "date_paiement": null, "mode_paiement": "mobile"}}, {"model": "gestion.entreestock", "pk": 85, "fields": {"produit": 49, "quantite": 84, "date": "2025-06-30T21:17:11.013Z", "prix_achat": "93.35", "fournisseur": "CI Foods", "responsable": "Régina Kouadio"}}, {"model": "gestion.entreestock", "pk": 86, "fields": {"produit": 49, "quantite": 75, "date": "2025-06-30T21:17:11.096Z", "prix_achat": "99.65", "fournisseur": "Abidjan Farine", "responsable": "Jean Coulibaly"}}, {"model": "gestion.entreestock", "pk": 87, "fields": {"produit": 49, "quantite": 29, "date": "2025-06-30T21:17:11.161Z", "prix_achat": "97.46", "fournisseur": "Yamoussoukro Lait", "responsable": "Estelle Aké"}}, {"model": "gestion.entreestock", "pk": 88, "fields": {"produit": 50, "quantite": 96, "date": "2025-06-30T21:17:11.209Z", "prix_achat": "214.15", "fournisseur": "Yamoussoukro Lait", "responsable": "Mariam Keita"}}, {"model": "gestion.entreestock", "pk": 89, "fields": {"produit": 50, "quantite": 61, "date": "2025-06-30T21:17:11.290Z", "prix_achat": "209.12", "fournisseur": "Yamoussoukro Lait", "responsable": "Kouamé Yao"}}, {"model": "gestion.entreestock", "pk": 90, "fields": {"produit": 50, "quantite": 64, "date": "2025-06-30T21:17:11.337Z", "prix_achat": "237.03", "fournisseur": "Yamoussoukro Lait", "responsable": "Régina Kouassi"}}, {"model": "gestion.entreestock", "pk": 91, "fields": {"produit": 51, "quantite": 65, "date": "2025-06-30T21:17:11.403Z", "prix_achat": "140.70", "fournisseur": "CI Foods", "responsable": "Bintou Touré"}}, {"model": "gestion.entreestock", "pk": 92, "fields": {"produit": 51, "quantite": 52, "date": "2025-06-30T21:17:11.465Z", "prix_achat": "140.96", "fournisseur": "Yamoussoukro Lait", "responsable": "Ramatoulaye Diarra"}}, {"model": "gestion.entreestock", "pk": 93, "fields": {"produit": 51, "quantite": 56, "date": "2025-06-30T21:17:11.529Z", "prix_achat": "136.56", "fournisseur": "CI Foods", "responsable": "Ismaël Keita"}}, {"model": "gestion.entreestock", "pk": 94, "fields": {"produit": 52, "quantite": 30, "date": "2025-06-30T21:17:11.579Z", "prix_achat": "382.50", "fournisseur": "Yamoussoukro Lait", "responsable": "Ramatoulaye Yao"}}, {"model": "gestion.entreestock", "pk": 95, "fields": {"produit": 52, "quantite": 62, "date": "2025-06-30T21:17:11.649Z", "prix_achat": "356.49", "fournisseur": "Abidjan Farine", "responsable": "Koffi Kouadio"}}, {"model": "gestion.entreestock", "pk": 96, "fields": {"produit": 52, "quantite": 32, "date": "2025-06-30T21:17:11.714Z", "prix_achat": "379.60", "fournisseur": "Yamoussoukro Lait", "responsable": "Adjoua Diabaté"}}, {"model": "gestion.entreestock", "pk": 97, "fields": {"produit": 53, "quantite": 60, "date": "2025-06-30T21:17:11.763Z", "prix_achat": "191.45", "fournisseur": "Yamoussoukro Lait", "responsable": "Naminata Yéo"}}, {"model": "gestion.entreestock", "pk": 98, "fields": {"produit": 53, "quantite": 49, "date": "2025-06-30T21:17:11.830Z", "prix_achat": "168.18", "fournisseur": "Abidjan Farine", "responsable": "Naminata Bamba"}}, {"model": "gestion.entreestock", "pk": 99, "fields": {"produit": 53, "quantite": 59, "date": "2025-06-30T21:17:11.896Z", "prix_achat": "197.55", "fournisseur": "San Pedro Sucre", "responsable": "Régina Keita"}}, {"model": "gestion.entreestock", "pk": 100, "fields": {"produit": 54, "quantite": 58, "date": "2025-06-30T21:17:11.979Z", "prix_achat": "234.09", "fournisseur": "San Pedro Sucre", "responsable": "Estelle Kouassi"}}, {"model": "gestion.entreestock", "pk": 101, "fields": {"produit": 54, "quantite": 64, "date": "2025-06-30T21:17:12.030Z", "prix_achat": "247.38", "fournisseur": "San Pedro Sucre", "responsable": "Aminata Coulibaly"}}, {"model": "gestion.entreestock", "pk": 102, "fields": {"produit": 54, "quantite": 61, "date": "2025-06-30T21:17:12.113Z", "prix_achat": "226.06", "fournisseur": "Abidjan Farine", "responsable": "Kadidja Diarra"}}, {"model": "gestion.lignecommande", "pk": 82, "fields": {"commande": 32, "produit": 53, "quantite": 10, "prix_unitaire": "200.00"}}, {"model": "gestion.lignecommande", "pk": 83, "fields": {"commande": 32, "produit": 51, "quantite": 7, "prix_unitaire": "150.00"}}, {"model": "gestion.lignecommande", "pk": 84, "fields": {"commande": 32, "produit": 50, "quantite": 6, "prix_unitaire": "250.00"}}, {"model": "gestion.lignecommande", "pk": 85, "fields": {"commande": 33, "produit": 49, "quantite": 8, "prix_unitaire": "100.00"}}, {"model": "gestion.lignecommande", "pk": 86, "fields": {"commande": 34, "produit": 53, "quantite": 7, "prix_unitaire": "200.00"}}, {"model": "gestion.lignecommande", "pk": 87, "fields": {"commande": 34, "produit": 51, "quantite": 5, "prix_unitaire": "150.00"}}, {"model": "gestion.lignecommande", "pk": 88, "fields": {"commande": 35, "produit": 50, "quantite": 10, "prix_unitaire": "250.00"}}, {"model": "gestion.lignecommande", "pk": 89, "fields": {"commande": 35, "produit": 51, "quantite": 7, "prix_unitaire": "150.00"}}, {"model": "gestion.lignecommande", "pk": 90, "fields": {"commande": 36, "produit": 54, "quantite": 2, "prix_unitaire": "300.00"}}, {"model": "gestion.lignecommande", "pk": 91, "fields": {"commande": 36, "produit": 51, "quantite": 2, "prix_unitaire": "150.00"}}, {"model": "gestion.lignecommande", "pk": 92, "fields": {"commande": 36, "produit": 53, "quantite": 10, "prix_unitaire": "200.00"}}, {"model": "gestion.lignecommande", "pk": 93, "fields": {"commande": 37, "produit": 52, "quantite": 5, "prix_unitaire": "400.00"}}, {"model": "gestion.lignecommande", "pk": 94, "fields": {"commande": 37, "produit": 54, "quantite": 6, "prix_unitaire": "300.00"}}, {"model": "gestion.lignecommande", "pk": 95, "fields": {"commande": 37, "produit": 49, "quantite": 7, "prix_unitaire": "100.00"}}, {"model": "gestion.lignecommande", "pk": 96, "fields": {"commande": 38, "produit": 54, "quantite": 7, "prix_unitaire": "300.00"}}, {"model": "gestion.lignecommande", "pk": 97, "fields": {"commande": 38, "produit": 51, "quantite": 5, "prix_unitaire": "150.00"}}, {"model": "gestion.lignecommande", "pk": 98, "fields": {"commande": 38, "produit": 52, "quantite": 2, "prix_unitaire": "400.00"}}, {"model": "gestion.lignecommande", "pk": 99, "fields": {"commande": 39, "produit": 54, "quantite": 6, "prix_unitaire": "300.00"}}, {"model": "gestion.lignecommande", "pk": 100, "fields": {"commande": 39, "produit": 53, "quantite": 1, "prix_unitaire": "200.00"}}, {"model": "gestion.lignecommande", "pk": 101, "fields": {"commande": 39, "produit": 50, "quantite": 10, "prix_unitaire": "250.00"}}, {"model": "gestion.lignecommande", "pk": 102, "fields": {"commande": 39, "produit": 52, "quantite": 2, "prix_unitaire": "400.00"}}, {"model": "gestion.lignecommande", "pk": 103, "fields": {"commande": 39, "produit": 49, "quantite": 4, "prix_unitaire": "100.00"}}, {"model": "gestion.lignecommande", "pk": 104, "fields": {"commande": 40, "produit": 52, "quantite": 1, "prix_unitaire": "400.00"}}, {"model": "gestion.lignecommande", "pk": 105, "fields": {"commande": 40, "produit": 50, "quantite": 4, "prix_unitaire": "250.00"}}, {"model": "gestion.lignecommande", "pk": 106, "fields": {"commande": 40, "produit": 49, "quantite": 6, "prix_unitaire": "100.00"}}, {"model": "gestion.lignecommande", "pk": 107, "fields": {"commande": 40, "produit": 51, "quantite": 9, "prix_unitaire": "150.00"}}, {"model": "gestion.lignecommande", "pk": 108, "fields": {"commande": 41, "produit": 54, "quantite": 4, "prix_unitaire": "300.00"}}, {"model": "gestion.lignecommande", "pk": 109, "fields": {"commande": 41, "produit": 49, "quantite": 9, "prix_unitaire": "100.00"}}, {"model": "gestion.lignecommande", "pk": 110, "fields": {"commande": 41, "produit": 52, "quantite": 8, "prix_unitaire": "400.00"}}, {"model": "gestion.lignecommande", "pk": 111, "fields": {"commande": 41, "produit": 53, "quantite": 4, "prix_unitaire": "200.00"}}, {"model": "gestion.lignecommande", "pk": 112, "fields": {"commande": 41, "produit": 51, "quantite": 9, "prix_unitaire": "150.00"}}, {"model": "gestion.lignecommande", "pk": 113, "fields": {"commande": 42, "produit": 50, "quantite": 2, "prix_unitaire": "250.00"}}, {"model": "gestion.lignecommande", "pk": 114, "fields": {"commande": 43, "produit": 54, "quantite": 6, "prix_unitaire": "300.00"}}, {"model": "gestion.lignecommande", "pk": 115, "fields": {"commande": 43, "produit": 49, "quantite": 4, "prix_unitaire": "100.00"}}, {"model": "gestion.lignecommande", "pk": 116, "fields": {"commande": 43, "produit": 52, "quantite": 4, "prix_unitaire": "400.00"}}, {"model": "gestion.lignecommande", "pk": 117, "fields": {"commande": 43, "produit": 53, "quantite": 10, "prix_unitaire": "200.00"}}, {"model": "gestion.lignecommande", "pk": 118, "fields": {"commande": 43, "produit": 51, "quantite": 8, "prix_unitaire": "150.00"}}, {"model": "gestion.lignecommande", "pk": 119, "fields": {"commande": 44, "produit": 52, "quantite": 9, "prix_unitaire": "400.00"}}, {"model": "gestion.lignecommande", "pk": 120, "fields": {"commande": 45, "produit": 53, "quantite": 2, "prix_unitaire": "200.00"}}, {"model": "gestion.lignecommande", "pk": 121, "fields": {"commande": 46, "produit": 49, "quantite": 3, "prix_unitaire": "100.00"}}, {"model": "gestion.lignecommande", "pk": 122, "fields": {"commande": 46, "produit": 54, "quantite": 9, "prix_unitaire": "300.00"}}, {"model": "gestion.lignecommande", "pk": 123, "fields": {"commande": 47, "produit": 50, "quantite": 4, "prix_unitaire": "250.00"}}, {"model": "gestion.lignecommande", "pk": 124, "fields": {"commande": 48, "produit": 50, "quantite": 3, "prix_unitaire": "250.00"}}, {"model": "gestion.lignecommande", "pk": 125, "fields": {"commande": 49, "produit": 52, "quantite": 4, "prix_unitaire": "400.00"}}, {"model": "gestion.lignecommande", "pk": 126, "fields": {"commande": 50, "produit": 53, "quantite": 1, "prix_unitaire": "200.00"}}, {"model": "gestion.lignecommande", "pk": 127, "fields": {"commande": 50, "produit": 50, "quantite": 1, "prix_unitaire": "250.00"}}, {"model": "gestion.lignecommande", "pk": 128, "fields": {"commande": 50, "produit": 51, "quantite": 3, "prix_unitaire": "150.00"}}, {"model": "gestion.lignecommande", "pk": 129, "fields": {"commande": 51, "produit": 53, "quantite": 1, "prix_unitaire": "200.00"}}, {"model": "gestion.lignecommande", "pk": 130, "fields": {"commande": 51, "produit": 51, "quantite": 6, "prix_unitaire": "150.00"}}, {"model": "gestion.lignecommande", "pk": 131, "fields": {"commande": 51, "produit": 54, "quantite": 4, "prix_unitaire": "300.00"}}]